,City,Cloudiness,Country,Date,Humidity,Lat,Lng,Max Temp,Wind Speed
0,port alfred,68,ZA,1547941619,97,-33.59,26.89,290.532,3.77
1,kirovskiy,44,RU,1547941620,75,45.09,133.51,256.782,2.52
2,buala,44,SB,1547941620,91,-8.15,159.59,302.157,1.57
3,jardim,48,BR,1547941386,69,-21.48,-56.15,299.557,2.92
4,yellowknife,75,CA,1547938800,76,62.45,-114.38,249.15,8.2
5,cidreira,100,BR,1547941621,96,-30.17,-50.22,294.107,6.12
6,mataura,80,NZ,1547941621,66,-46.19,168.86,289.907,11.92
7,kjollefjord,76,NO,1547941621,84,70.95,27.35,264.782,3.57
8,hofn,8,IS,1547941622,100,64.25,-15.21,277.107,10.67
9,kidal,0,ML,1547941622,18,18.44,1.41,285.782,5.62
10,rikitea,64,PF,1547941623,100,-23.12,-134.97,299.782,4.77
11,lagoa,20,PT,1547938800,93,37.14,-8.45,287.15,4.1
12,torbay,5,CA,1547938800,73,47.66,-52.73,268.15,4.6
13,hermanus,0,ZA,1547941624,92,-34.42,19.24,282.232,2.32
14,cape town,0,ZA,1547938800,59,-33.93,18.42,289.15,9.8
15,faanui,24,PF,1547941372,100,-16.48,-151.75,301.557,5.62
16,virginia beach,90,US,1547940900,86,36.85,-75.98,285.35,5.1
17,mahebourg,75,MU,1547938800,94,-20.41,57.7,298.15,1.5
18,dikson,64,RU,1547941625,100,73.51,80.55,260.207,4.07
19,grand gaube,75,MU,1547938800,94,-20.01,57.66,298.15,1.5
20,tiksi,32,RU,1547941625,0,71.64,128.87,229.357,1.17
21,palembang,20,ID,1547938800,94,-2.99,104.76,298.15,3.6
22,atuona,92,PF,1547941626,100,-9.8,-139.03,299.207,7.42
23,saint-philippe,90,CA,1547940900,77,45.36,-73.48,251.15,2.6
24,ribeira grande,100,PT,1547941626,100,38.52,-28.7,289.457,1.77
25,jamestown,92,AU,1547941571,77,-33.21,138.6,290.657,2.87
26,cabo san lucas,5,MX,1547937900,34,22.89,-109.91,301.15,3.1
27,puerto ayora,75,EC,1547938800,78,-0.74,-90.35,300.15,5.7
28,ilulissat,80,GL,1547938200,77,69.22,-51.1,259.15,7.2
29,sao filipe,8,CV,1547941628,95,14.9,-24.5,295.207,7.52
30,faya,0,SA,1547938800,81,18.39,42.45,285.15,2.1
31,navahrudak,76,BY,1547941629,91,53.59,25.82,269.357,4.92
32,ostrovnoy,8,RU,1547941629,75,68.05,39.51,248.707,1.22
33,albany,90,US,1547940600,74,42.65,-73.75,269.85,2.1
34,san luis,0,AR,1547941630,31,-33.3,-66.34,299.482,4.52
35,caravelas,0,BR,1547941410,100,-17.73,-39.27,300.407,7.97
36,kapaa,20,US,1547938560,64,22.08,-159.32,299.25,7.2
37,saskylakh,68,RU,1547941631,67,71.97,114.09,242.557,5.57
38,avarua,75,CK,1547938800,78,-21.21,-159.78,301.15,3.6
39,solnechnyy,64,RU,1547941631,65,50.72,136.64,250.507,1.37
40,vaini,0,IN,1547941632,82,15.34,74.49,287.857,1.12
41,busselton,0,AU,1547941632,82,-33.64,115.35,297.007,2.77
42,taungdwingyi,0,MM,1547941632,90,20.0,95.55,285.557,1.87
43,khrebtovaya,76,RU,1547941632,78,56.71,104.25,266.107,3.82
44,zheleznodorozhnyy,40,RU,1547940600,78,55.75,38.0,265.15,2.0
45,bangad,40,PH,1547938800,74,14.36,121.22,299.15,1.0
46,zhongshu,0,CN,1547941634,88,24.52,103.77,276.907,2.07
47,yar-sale,20,RU,1547941634,89,66.83,70.83,256.307,4.67
48,namatanai,92,PG,1547941634,100,-3.66,152.44,299.807,6.07
49,khatanga,64,RU,1547941635,68,71.98,102.47,249.982,4.52
50,kenai,1,US,1547938560,87,60.55,-151.26,264.25,2.87
51,georgetown,75,GY,1547938800,83,6.8,-58.16,300.15,5.1
52,chokurdakh,12,RU,1547941636,0,70.62,147.9,232.107,1.22
53,aurillac,0,FR,1547938800,93,44.93,2.44,275.15,2.6
54,longyearbyen,20,NO,1547938200,76,78.22,15.63,253.15,3.6
55,castro,0,CL,1547938800,64,-42.48,-73.76,293.15,2.6
56,butaritari,44,KI,1547941637,100,3.07,172.79,301.882,5.62
57,winnemucca,20,US,1547938560,54,40.97,-117.74,285.95,4.1
58,itarema,76,BR,1547941638,93,-2.92,-39.92,298.532,2.47
59,aklavik,90,CA,1547938800,76,68.22,-135.01,253.15,1.5
60,matara,20,PE,1547941639,59,-13.74,-72.9,283.557,0.87
61,chuy,48,UY,1547941624,81,-33.69,-53.46,292.207,6.02
62,kingaroy,8,AU,1547938800,57,-26.54,151.84,299.15,3.6
63,jizan,0,SA,1547938800,78,16.89,42.56,298.15,2.1
64,ushuaia,40,AR,1547938800,61,-54.81,-68.31,283.15,15.4
65,new norfolk,75,AU,1547938800,43,-42.78,147.06,295.15,4.6
66,punta arenas,0,CL,1547938800,37,-53.16,-70.91,286.15,12.3
67,bredasdorp,0,ZA,1547938800,66,-34.53,20.04,285.15,1.0
68,geraldton,20,CA,1547938800,62,49.72,-86.95,246.15,1.5
69,tasiilaq,8,GL,1547938200,73,65.61,-37.64,269.15,0.5
70,bluff,0,AU,1547941641,54,-23.58,149.07,301.657,4.32
71,sechura,0,PE,1547941641,73,-5.56,-80.82,297.807,5.12
72,tuktoyaktuk,90,CA,1547938800,77,69.44,-133.03,256.15,5.7
73,bonga,20,ET,1547941642,83,7.26,36.25,286.457,0.87
74,severo-kurilsk,80,RU,1547941642,98,50.68,156.12,273.382,9.52
75,saint george,75,GR,1547938200,87,39.45,22.34,280.15,1.32
76,lorengau,92,PG,1547941643,100,-2.02,147.27,299.982,5.62
77,palencia,92,ES,1547941643,95,42.01,-4.53,275.407,1.12
78,honghu,92,CN,1547941644,94,29.82,113.46,274.882,4.52
79,rodrigues alves,75,BR,1547938800,94,-7.74,-72.65,299.15,0.97
80,talara,75,PE,1547938800,290,-4.58,-81.27,290.15,4.6
81,la primavera,0,AR,1547938800,40,-32.92,-68.67,303.15,4.6
82,nuuk,80,GL,1547938200,92,64.17,-51.74,266.15,6.7
83,cherskiy,24,RU,1547941645,50,68.75,161.3,238.757,1.97
84,high prairie,92,CA,1547941638,72,55.43,-116.48,265.007,1.62
85,comodoro rivadavia,0,AR,1547938800,16,-45.87,-67.48,306.15,9.8
86,kahului,40,US,1547938560,62,20.89,-156.47,300.95,9.3
87,haines junction,36,CA,1547941646,84,60.75,-137.51,250.807,1.07
88,rio gallegos,40,AR,1547938800,32,-51.62,-69.22,293.15,10.3
89,banjar,48,ID,1547941647,95,-7.37,108.54,296.757,1.07
90,broken hill,32,AU,1547938800,22,-31.97,141.45,299.15,7.2
91,isangel,92,VU,1547941648,100,-19.55,169.27,298.807,7.87
92,radomsko,0,PL,1547941648,78,51.07,19.44,261.282,1.97
93,sooke,75,CA,1547939400,78,48.37,-123.73,282.55,3.1
94,champerico,20,MX,1547937960,23,16.38,-93.6,307.15,6.7
95,chara,75,GR,1547938200,87,39.42,22.43,280.15,1.32
96,nioro,12,GM,1547941649,36,13.79,-15.05,292.807,4.67
97,pevek,44,RU,1547941649,100,69.7,170.27,243.557,2.97
98,maceio,40,BR,1547938800,88,-9.67,-35.74,298.15,1.5
99,san cristobal,40,EC,1547938800,59,-0.39,-78.55,292.15,4.1
100,pangnirtung,12,CA,1547941650,61,66.15,-65.72,236.357,1.57
101,banda aceh,24,ID,1547941650,98,5.56,95.32,297.007,2.22
102,qaanaaq,0,GL,1547941650,100,77.48,-69.36,240.982,4.67
103,katobu,80,ID,1547941651,100,-4.94,122.53,300.657,1.42
104,tessalit,0,ML,1547941651,22,20.2,1.01,281.207,4.22
105,beringovskiy,92,RU,1547941651,100,63.05,179.32,256.632,2.97
106,hilo,1,US,1547938380,62,19.71,-155.08,299.85,3.6
107,plaistow,24,GB,1547940000,95,51.53,0.02,276.15,2.1
108,mar del plata,0,AR,1547941457,24,-46.43,-67.52,301.632,9.07
109,komsomolskiy,80,RU,1547941653,89,67.55,63.78,263.207,5.02
110,lazi,0,HR,1547938800,59,45.57,14.64,276.15,5.1
111,tabuk,8,PH,1547941653,95,17.41,121.44,290.382,0.22
112,codrington,75,AU,1547938800,61,-28.95,153.24,302.15,2.6
113,teahupoo,40,PF,1547940600,62,-17.83,-149.27,305.15,5.7
114,dingle,92,PH,1547941654,99,11.0,122.67,296.007,4.07
115,katsuura,75,JP,1547938800,81,33.93,134.5,279.15,2.6
116,saint-augustin,75,FR,1547938800,100,44.83,-0.61,279.15,3.1
117,santa maria,92,BR,1547941484,97,-29.69,-53.81,292.132,6.02
118,masty,80,BY,1547941657,87,53.42,24.54,270.107,5.17
119,bethel,90,US,1547940540,92,60.79,-161.76,262.15,1.5
120,bontang,0,ID,1547941659,97,0.12,117.47,300.732,3.42
121,carnarvon,0,ZA,1547941659,38,-30.97,22.13,284.607,5.57
122,lompoc,1,US,1547939700,56,34.64,-120.46,295.35,4.6
123,kloulklubed,75,PW,1547938200,83,7.04,134.26,301.15,4.6
124,la asuncion,68,EC,1547941660,84,-1.64,-78.74,282.157,0.72
125,miramar,0,CR,1547938800,54,10.09,-84.73,299.15,4.6
126,souillac,90,FR,1547938800,93,45.6,-0.6,280.15,1.52
127,ahipara,80,NZ,1547941661,78,-35.17,173.16,296.007,4.47
128,vao,68,EE,1547941662,85,59.1,26.19,269.607,7.22
129,ewo,24,CG,1547941662,87,-0.88,14.81,295.407,2.12
130,viedma,0,AR,1547941663,19,-40.81,-62.99,301.507,6.92
131,ranot,80,TH,1547941663,82,7.78,100.32,299.532,4.97
132,sitka,0,US,1547941663,64,37.17,-99.65,269.907,3.22
133,eruwa,20,NG,1547941664,64,7.53,3.42,299.482,4.27
134,yeppoon,90,AU,1547940600,61,-23.13,150.74,301.15,4.6
135,cabinda,76,AO,1547941664,100,-5.56,12.19,300.482,2.02
136,iqaluit,75,CA,1547938800,68,63.75,-68.52,244.15,4.1
137,sangmelima,0,CM,1547941665,95,2.93,11.98,293.707,1.22
138,kirakira,68,SB,1547941665,100,-10.46,161.92,301.757,2.32
139,presidencia roque saenz pena,0,AR,1547941665,84,-26.79,-60.44,293.507,3.37
140,tiarei,40,PF,1547940600,62,-17.53,-149.33,305.15,5.7
141,saint-leu,0,RE,1547940600,65,-21.15,55.28,299.15,2.1
142,rincon,1,US,1547939700,58,32.3,-81.24,293.75,1.5
143,farnham,40,GB,1547940000,94,51.22,-0.8,277.15,1.0
144,peringat,75,MY,1547938800,83,5.99,102.3,299.15,2.6
145,palmerston,90,CA,1547939940,77,43.83,-80.85,259.15,6.2
146,kesinga,0,IN,1547941667,79,20.19,83.22,282.007,1.12
147,augusto correa,44,BR,1547941668,93,-1.02,-46.63,297.757,2.07
148,mandalgovi,0,MN,1547941668,79,45.76,106.27,253.157,5.37
149,buraydah,0,SA,1547938800,75,26.33,43.97,281.15,3.6
150,tual,80,ID,1547941669,100,-5.67,132.75,299.707,6.47
151,te anau,80,NZ,1547941660,81,-45.41,167.72,284.657,7.37
152,olenino,0,RU,1547941669,88,56.21,33.48,266.132,6.52
153,tarko-sale,8,RU,1547941669,68,64.92,77.78,252.632,1.37
154,payo,36,ID,1547941670,85,-3.75,103.64,297.632,2.42
155,beloha,32,MG,1547941384,89,-25.17,45.06,297.282,1.37
156,egvekinot,12,RU,1547941670,41,66.32,-179.17,240.282,1.32
157,calella,0,ES,1547938800,100,41.62,2.67,280.15,2.1
158,pio xii,80,BR,1547941671,92,-3.89,-45.17,298.407,2.22
159,polewali,32,ID,1547941671,97,-4.03,119.8,298.882,2.07
160,dongsheng,56,CN,1547941672,92,29.72,112.52,274.482,4.12
161,bambous virieux,75,MU,1547938800,94,-20.34,57.76,298.15,1.5
162,mount gambier,40,AU,1547938800,68,-37.83,140.78,294.15,4.1
163,gladstone,40,AU,1547940600,51,-23.84,151.26,302.15,6.7
164,lakes entrance,0,AU,1547941673,84,-37.88,147.99,294.032,1.77
165,neiafu,90,TO,1547938800,94,-18.65,-173.98,298.15,2.6
166,esperance,20,TT,1547938800,78,10.24,-61.45,298.15,2.1
167,muzaffarpur,0,IN,1547938800,87,26.12,85.39,284.15,1.0
168,east london,92,ZA,1547941475,100,-33.02,27.91,291.357,6.32
169,kavieng,100,PG,1547941675,100,-2.57,150.8,298.732,4.47
170,upernavik,24,GL,1547941675,100,72.79,-56.15,250.857,3.67
171,provideniya,76,RU,1547941675,100,64.42,-173.23,263.532,1.42
172,pisco,0,PE,1547938800,30,-13.71,-76.2,295.15,6.2
173,shimoda,75,JP,1547938800,40,34.7,138.93,285.15,5.1
174,macomer,40,IT,1547940000,100,40.26,8.77,279.15,1.0
175,ulladulla,90,AU,1547938800,83,-35.36,150.48,294.15,1.37
176,batemans bay,0,AU,1547941677,82,-35.71,150.18,296.207,1.77
177,verkhnyaya inta,56,RU,1547941677,66,65.99,60.32,256.732,1.07
178,magaria,12,NE,1547941677,63,13.0,8.91,289.132,1.22
179,port macquarie,90,AU,1547938800,83,-31.43,152.91,299.15,3.1
180,hithadhoo,80,MV,1547941678,100,-0.6,73.08,299.457,2.52
181,erice,40,IT,1547940000,76,38.04,12.59,284.15,2.1
182,hobart,75,AU,1547938800,43,-42.88,147.33,295.15,4.6
183,hounde,0,BF,1547941679,32,11.5,-3.52,292.857,3.87
184,barrow,0,AR,1547941679,51,-38.31,-60.23,295.532,6.37
185,sambava,100,MG,1547941679,100,-14.27,50.17,297.282,6.92
186,los llanos de aridane,44,ES,1547938800,67,28.66,-17.92,290.15,4.6
187,camabatela,80,AO,1547941680,94,-8.19,15.37,291.407,1.17
188,tungor,0,RU,1547941680,84,53.39,142.95,254.057,7.82
189,srednekolymsk,0,RU,1547941681,83,67.46,153.71,233.657,1.07
190,leningradskiy,24,RU,1547941681,97,69.38,178.42,250.857,8.57
191,ponta do sol,36,BR,1547941665,86,-20.63,-46.0,294.857,1.32
192,kruisfontein,0,ZA,1547941682,89,-34.0,24.73,288.632,3.22
193,sur,0,OM,1547941682,100,22.57,59.53,294.407,4.02
194,fairlie,90,US,1547940900,74,33.31,-95.96,276.35,6.7
195,arraial do cabo,36,BR,1547941683,87,-22.97,-42.02,299.632,9.42
196,elko,90,US,1547938560,67,40.83,-115.76,282.05,3.6
197,yakeshi,48,CN,1547941684,78,49.28,120.73,252.207,3.87
198,uvinza,56,TZ,1547941684,96,-5.1,30.39,289.607,0.72
199,vilkaviskis,64,LT,1547941684,92,54.65,23.03,270.282,7.17
200,dunedin,0,NZ,1547941685,55,-45.87,170.5,290.507,8.82
201,berlevag,44,NO,1547941445,100,70.86,29.09,264.857,4.67
202,zhezkazgan,92,KZ,1547941685,96,47.8,67.71,273.382,3.22
203,lebu,0,ET,1547941685,81,8.96,38.73,276.307,1.12
204,luderitz,0,NA,1547941686,53,-26.65,15.16,291.207,9.52
205,seryshevo,44,RU,1547941686,65,51.09,128.38,250.507,3.47
206,priverno,40,IT,1547940000,81,41.47,13.18,280.15,3.1
207,calnali,32,MX,1547941687,73,20.9,-98.58,289.807,0.92
208,abha,0,SA,1547938800,81,18.22,42.5,285.15,2.1
209,jinchang,80,CN,1547941687,85,38.52,102.19,262.057,1.17
210,port hedland,0,AU,1547940600,66,-20.31,118.58,306.15,4.1
211,mitchell,90,US,1547938380,58,43.71,-98.03,255.95,1.5
212,micheweni,0,TZ,1547941688,100,-4.97,39.83,300.782,6.07
213,muros,75,ES,1547938800,100,42.77,-9.06,282.15,3.1
214,thompson,5,CA,1547938800,67,55.74,-97.86,241.15,2.1
215,kailua,90,US,1547939700,71,21.39,-157.74,300.95,3.6
216,tiznit,0,MA,1547941690,98,29.7,-9.73,284.107,0.42
217,ayan,56,TR,1547941690,90,40.67,33.6,264.382,0.62
218,tegh,8,AZ,1547941690,62,39.56,46.48,254.807,1.32
219,west wendover,1,US,1547938560,73,40.74,-114.07,277.55,4.1
220,farafangana,48,MG,1547941691,100,-22.82,47.83,298.882,4.27
221,tommot,24,RU,1547941399,41,58.97,126.27,239.782,1.37
222,road town,40,VG,1547938800,69,18.42,-64.62,298.75,3.6
223,padang,76,ID,1547941691,100,-0.92,100.36,298.557,2.32
224,airai,32,TL,1547941692,87,-8.93,125.41,297.282,0.67
225,poum,100,MK,1547941692,100,41.28,20.71,274.307,0.97
226,cravo norte,100,CO,1547941692,40,6.3,-70.2,305.407,3.42
227,lake city,1,US,1547938500,60,38.03,-107.32,273.15,4.1
228,shingu,75,JP,1547938800,71,33.72,135.99,285.15,1.5
229,lagos,0,NG,1547938800,78,6.46,3.39,301.15,1.0
230,thiruvananthapuram,20,IN,1547940600,83,8.48,76.92,298.15,1.42
231,obera,92,AR,1547941694,85,-27.49,-55.12,294.757,2.12
232,antalaha,92,MG,1547941694,100,-14.9,50.28,297.407,2.52
233,goderich,44,CA,1547941695,99,43.74,-81.71,261.132,6.97
234,port hardy,75,CA,1547938800,81,50.7,-127.42,280.15,1.5
235,vostok,48,RU,1547941695,76,46.45,135.83,252.707,1.17
236,jutai,92,BR,1547941696,100,-1.71,-47.89,295.907,1.12
237,alabaster,90,US,1547940900,100,33.24,-86.82,287.55,2.6
238,warrnambool,64,AU,1547941696,96,-38.38,142.48,291.757,2.87
239,parana,75,BR,1547938800,94,-7.52,-72.89,299.15,0.97
240,zhigansk,56,RU,1547941697,42,66.77,123.37,240.407,5.12
241,rio brilhante,36,BR,1547941697,83,-21.8,-54.54,298.782,1.32
242,tigzirt,0,DZ,1547941697,100,36.57,4.2,275.482,1.32
243,aitape,92,PG,1547941698,100,-3.15,142.36,298.957,1.57
244,dahod,0,IN,1547941698,60,22.84,74.26,285.232,2.77
245,hasaki,75,JP,1547940600,64,35.73,140.83,275.15,1.5
246,college,90,US,1547940360,84,64.86,-147.8,256.45,1.42
247,abay,0,KZ,1547940600,79,49.63,72.87,269.15,6.0
248,semey,56,KZ,1547941402,75,50.41,80.25,268.482,5.02
249,alekseyevka,90,RU,1547940600,92,53.25,50.49,271.15,4.0
250,makakilo city,90,US,1547939700,71,21.35,-158.09,300.95,3.6
251,westport,44,IE,1547941535,100,53.8,-9.52,277.982,1.52
252,abalak,8,NE,1547941700,61,15.46,6.28,289.307,1.57
253,nemuro,75,JP,1547940600,72,43.32,145.57,264.15,1.5
254,saldanha,100,PT,1547941701,96,41.42,-6.55,279.907,3.17
255,vanavara,44,RU,1547941701,79,60.35,102.28,263.707,3.67
256,atar,0,MR,1547941667,45,20.52,-13.05,283.457,3.17
257,willowmore,0,ZA,1547941702,88,-33.3,23.49,275.907,0.77
258,bubaque,0,GW,1547941702,98,11.28,-15.83,298.807,5.87
259,gravdal,88,NO,1547940000,100,59.79,5.78,274.15,4.1
260,urucara,64,BR,1547941702,87,-2.54,-57.76,299.257,1.17
261,mountain home,90,US,1547938680,99,43.13,-115.69,279.25,7.2
262,itaituba,76,BR,1547941703,100,-4.26,-55.99,296.257,0.77
263,medicine hat,40,CA,1547938800,73,50.04,-110.68,269.15,5.1
264,fortuna,75,ES,1547938800,87,38.18,-1.13,282.15,1.0
265,tabou,76,CI,1547941704,100,4.42,-7.36,301.232,3.22
266,borogontsy,56,RU,1547941704,89,62.67,131.17,232.757,2.02
267,amuntai,64,ID,1547941705,97,-2.42,115.25,297.132,1.17
268,pokhara,0,NP,1547941705,56,28.21,83.99,276.557,1.77
269,fort dix,90,US,1547939700,72,40.03,-74.62,277.05,3.6
270,kaeo,48,NZ,1547941706,63,-35.1,173.78,299.007,4.82
271,palmer,20,AU,1547938800,40,-34.85,139.16,295.15,5.1
272,fairbanks,90,US,1547940360,84,64.84,-147.72,255.95,1.42
273,radishchevo,36,RU,1547941707,90,52.85,47.87,268.457,4.77
274,kalmunai,56,LK,1547941707,96,7.42,81.82,294.907,4.27
275,aripuana,12,BR,1547941707,85,-9.17,-60.63,300.607,1.17
276,roma,40,IT,1547940000,81,41.89,12.48,280.15,3.1
277,waldoboro,90,US,1547939400,66,44.1,-69.38,264.85,3.1
278,norman wells,75,CA,1547938800,64,65.28,-126.83,255.15,5.1
279,tunceli,0,TR,1547938200,92,39.11,39.55,267.15,1.0
280,ballina,64,IE,1547941491,100,54.11,-9.15,277.107,1.22
281,jumla,0,NP,1547941709,74,29.28,82.18,265.257,1.32
282,kaitangata,0,NZ,1547941709,62,-46.28,169.85,289.957,12.82
283,youghal,75,IE,1547940600,100,51.95,-7.85,279.15,1.0
284,san andres,88,PH,1547941480,99,13.32,122.68,299.307,9.27
285,alice springs,0,AU,1547940600,22,-23.7,133.88,309.15,6.7
286,ous,48,RU,1547941710,83,60.91,61.52,267.607,2.67
287,adrar,0,DZ,1547938800,29,27.87,-0.29,282.15,2.6
288,pangody,32,RU,1547941710,79,65.85,74.49,252.957,3.92
289,torquay,48,GB,1547941711,100,50.47,-3.52,279.782,3.67
290,seoul,1,KR,1547940600,54,37.57,126.98,272.15,2.1
291,ishigaki,75,JP,1547938800,88,24.34,124.16,293.15,1.5
292,svetlogorsk,75,RU,1547938800,85,53.14,59.15,265.15,3.0
293,caluquembe,32,AO,1547941712,81,-13.78,14.68,286.132,1.12
294,lichinga,76,MZ,1547941712,89,-13.3,35.25,292.507,1.22
295,lavrentiya,56,RU,1547941713,100,65.58,-170.99,256.307,3.82
296,pochutla,40,MX,1547939700,66,15.74,-96.47,302.15,2.32
297,arethousa,40,GR,1547940000,93,40.74,23.59,277.15,1.0
298,brae,44,GB,1547940000,100,60.4,-1.35,279.15,2.6
299,girona,0,ES,1547938800,100,41.98,2.82,276.15,2.1
300,victoria,75,BN,1547938800,94,5.28,115.24,299.15,4.82
301,apatity,36,RU,1547941714,73,67.57,33.4,251.307,0.87
302,usinsk,56,RU,1547941690,68,66.0,57.56,252.457,1.42
303,comarapa,68,BO,1547941715,94,-17.91,-64.53,287.957,1.07
304,tuatapere,92,NZ,1547941715,100,-46.13,167.69,286.532,11.52
305,pringsewu,44,ID,1547941715,96,-5.36,104.98,295.907,1.12
306,tateyama,75,JP,1547938800,70,36.66,137.31,280.15,5.7
307,barkhan,80,PK,1547941716,95,29.9,69.52,278.007,1.32
308,alekseyevsk,80,RU,1547941716,75,57.84,108.35,265.007,4.07
309,necochea,0,AR,1547941716,73,-38.55,-58.74,292.807,5.37
310,vilhena,0,BR,1547938800,83,-12.74,-60.15,297.15,2.1
311,blagoyevo,88,RU,1547941717,89,63.37,47.92,263.957,1.22
312,tuy hoa,92,VN,1547941717,100,13.08,109.3,295.632,3.17
313,beterou,20,BJ,1547941717,70,9.2,2.26,298.782,2.87
314,ancud,92,CL,1547938800,64,-41.87,-73.83,293.15,2.6
315,humberto de campos,88,BR,1547941718,99,-2.6,-43.46,299.657,5.02
316,grand forks,1,US,1547940900,76,47.91,-97.06,253.15,3.6
317,talnakh,64,RU,1547941688,84,69.49,88.39,255.357,5.62
318,rojhan,76,PK,1547941719,77,28.69,69.95,285.882,4.02
319,bathsheba,40,BB,1547938800,73,13.22,-59.52,298.15,5.1
320,cisternino,0,IT,1547940000,100,40.74,17.43,281.15,2.1
321,kattivakkam,20,IN,1547940600,88,13.22,80.32,294.15,1.0
322,toropets,88,RU,1547941720,90,56.5,31.64,268.357,7.52
323,olinda,75,EC,1547938800,74,-2.03,-79.75,301.15,2.6
324,coquimbo,20,CL,1547938800,72,-29.95,-71.34,291.15,5.1
325,port elizabeth,90,US,1547938560,79,39.31,-74.98,279.25,3.6
326,saint anthony,90,US,1547940840,91,43.97,-111.68,273.75,3.6
327,puerto triunfo,12,CO,1547941723,56,5.87,-74.64,302.707,1.37
328,praia da vitoria,20,PT,1547938800,93,38.73,-27.07,286.15,3.32
329,coahuayana,56,MX,1547941723,35,18.62,-100.35,298.757,0.92
330,paamiut,76,GL,1547941724,100,61.99,-49.67,271.482,11.27
331,nikolskoye,90,RU,1547940600,85,59.7,30.79,269.15,5.0
332,bilibino,0,RU,1547941724,0,68.06,166.44,232.357,1.17
333,yertsevo,88,RU,1547941725,85,60.8,40.09,262.957,5.02
334,quatre cocos,75,MU,1547938800,94,-20.21,57.76,298.15,1.5
335,eidsvag,88,NO,1547940000,80,62.78,8.07,272.15,1.5
336,biltine,8,TD,1547941726,57,14.53,20.93,288.207,2.32
337,nome,40,US,1547939700,56,30.04,-94.42,281.45,7.2
338,la ronge,40,CA,1547938800,74,55.1,-105.3,242.15,3.1
339,prabumulih,8,ID,1547941727,95,-3.5,104.19,297.057,1.67
340,arlit,92,NE,1547941727,39,18.74,7.39,292.607,1.12
341,ozinki,76,RU,1547941727,96,51.2,49.73,271.882,4.27
342,chapais,1,CA,1547938800,73,49.78,-74.86,239.15,1.0
343,bireun,92,ID,1547941728,100,5.2,96.7,297.157,4.77
344,huautla,32,MX,1547941728,73,21.03,-98.29,289.807,0.92
345,kavaratti,0,IN,1547941728,100,10.57,72.64,300.482,1.52
346,osmena,68,PH,1547941729,100,12.17,124.59,297.232,8.12
347,cuiluan,36,CN,1547941702,71,47.72,128.65,253.757,2.77
348,waipawa,0,NZ,1547941729,57,-39.94,176.59,294.357,8.37
349,puerto colombia,20,CO,1547938800,83,10.99,-74.96,299.15,6.7
350,owensboro,90,US,1547939820,100,37.77,-87.11,276.15,7.2
351,vila,44,IT,1547940000,92,45.18,8.4,274.15,3.1
352,hinton,56,CA,1547941730,56,53.4,-117.57,272.132,3.37
353,ambilobe,88,MG,1547941731,98,-13.19,49.05,296.232,2.87
354,lagunas,64,PE,1547941731,88,-5.23,-75.68,297.557,1.07
355,san patricio,88,PY,1547941732,74,-26.98,-56.83,296.357,3.02
356,conde,64,BR,1547941732,88,-11.81,-37.61,299.032,3.77
357,shache,88,CN,1547941732,94,38.42,77.24,266.957,1.52
358,cookeville,90,US,1547940900,87,36.16,-85.5,288.15,3.6
359,catabola,80,AO,1547941733,89,-12.14,17.29,290.482,2.92
360,ryotsu,75,JP,1547939700,100,38.08,138.43,276.15,3.1
361,novo horizonte,0,BR,1547941733,55,-12.81,-42.17,295.207,4.07
362,wagar,76,US,1547941734,87,31.44,-87.99,286.707,4.12
363,sao joao da barra,12,BR,1547941676,96,-21.64,-41.05,300.482,12.77
364,ankang,76,CN,1547941734,60,32.73,108.99,268.307,0.87
365,gra liyia,20,GR,1547940000,76,35.02,25.68,285.15,5.1
366,tura,0,IN,1547941735,76,25.52,90.21,282.132,1.17
367,luau,80,CD,1547941735,97,-10.7,22.23,291.457,1.37
368,hefei,12,CN,1547938800,88,31.82,117.22,275.15,3.0
369,bejar,92,AL,1547941736,100,40.49,19.83,279.032,1.42
370,north bay,75,CA,1547938800,69,46.31,-79.46,248.15,5.7
371,kuytun,24,RU,1547941736,65,54.34,101.51,262.157,2.57
372,belyy yar,32,RU,1547940600,83,53.6,91.39,253.15,1.22
373,bakchar,24,RU,1547941737,80,57.02,82.07,262.207,2.42
374,moree,12,AU,1547938800,31,-29.46,149.84,305.15,6.7
375,margate,75,AU,1547940600,38,-43.03,147.26,296.15,4.6
376,bodden town,40,KY,1547938800,83,19.28,-81.25,300.15,4.1
377,chernyshevskiy,68,RU,1547941738,83,63.01,112.47,255.282,1.77
378,alofi,48,NU,1547938800,83,-19.06,-169.92,302.15,4.6
379,kurayoshi,75,JP,1547938800,100,35.43,133.83,282.15,1.5
380,portland,90,US,1547938560,82,45.52,-122.67,284.85,2.1
381,hibbing,1,US,1547940900,52,47.43,-92.94,252.55,2.1
382,carlsbad,0,CZ,1547938800,92,50.23,12.87,266.15,3.6
383,nouadhibou,0,MR,1547941740,73,20.93,-17.03,289.457,6.52
384,emba,20,CY,1547938800,87,34.81,32.42,286.15,2.1
385,radnevo,90,BG,1547938800,100,42.29,25.93,279.15,2.1
386,vildbjerg,12,DK,1547940000,92,55.87,12.19,274.15,3.6
387,minervino murge,20,IT,1547940000,86,41.09,16.08,278.15,2.6
388,daru,36,SL,1547941737,89,7.99,-10.85,296.807,1.57
389,yumen,76,CN,1547941742,86,40.29,97.04,261.732,0.87
390,sinegorye,56,RU,1547941742,49,62.09,150.53,237.532,0.87
391,hambantota,32,LK,1547941743,100,6.12,81.12,296.857,4.07
392,simbahan,8,PH,1547941743,100,6.3,120.58,300.607,6.92
393,tefe,20,BR,1547937900,94,-3.35,-64.71,299.15,1.5
394,ponta delgada,20,PT,1547938800,76,37.73,-25.67,287.15,3.1
395,mehamn,76,NO,1547941744,84,71.03,27.85,264.782,3.57
396,ouegoa,12,NC,1547941744,66,-20.34,164.44,302.157,2.77
397,lokosovo,80,RU,1547941744,86,61.13,74.84,266.757,4.67
398,hovd,75,NO,1547940000,92,63.83,10.7,272.15,5.1
399,middletown,90,US,1547941440,92,41.55,-71.29,273.75,4.6
400,khandyga,8,RU,1547941745,0,62.65,135.58,226.757,1.07
401,glendive,90,US,1547939700,84,47.11,-104.71,265.35,5.1
402,doka,0,SD,1547941746,43,13.52,35.76,291.032,4.02
403,san quintin,0,PH,1547941731,81,17.54,120.52,292.882,1.37
404,nanortalik,24,GL,1547941471,94,60.14,-45.24,269.807,3.77
405,noyabrsk,88,RU,1547941747,93,63.2,75.45,265.507,3.57
406,stromness,90,CA,1547940660,87,42.87,-79.55,264.25,6.7
407,dalby,8,AU,1547938800,57,-27.18,151.26,300.15,8.2
408,abu samrah,12,SY,1547941748,81,35.3,37.18,271.732,1.22
409,minden,1,US,1547940900,73,38.95,-119.77,288.15,3.6
410,sain alto,0,MX,1547941748,34,23.58,-103.25,285.957,3.82
411,aykhal,80,RU,1547941748,58,65.95,111.51,247.757,1.82
412,chifeng,0,CN,1547941749,32,42.27,118.96,257.907,2.32
413,rzeszow,44,PL,1547940600,92,50.04,22.0,265.15,2.1
414,clermont,0,AU,1547941591,53,-22.82,147.64,301.457,4.47
415,shu,8,KZ,1547941750,73,43.6,73.76,271.707,2.47
416,saint-francois,75,FR,1547938800,83,46.42,3.91,273.15,1.5
417,suntar,80,RU,1547941750,68,62.16,117.65,249.857,1.77
418,tekit,40,MX,1547937900,51,20.53,-89.33,302.15,5.1
419,bin qirdan,8,TN,1547941751,78,33.14,11.22,280.882,4.02
420,mazagao,75,BR,1547938800,100,-0.12,-51.29,299.15,3.17
421,atbasar,64,KZ,1547941752,89,51.81,68.36,269.907,3.77
422,skibbereen,75,IE,1547940600,100,51.55,-9.27,279.15,1.0
423,meulaboh,68,ID,1547941753,100,4.14,96.13,297.857,2.27
424,hamilton,75,BM,1547938500,77,32.3,-64.78,290.15,1.0
425,san ignacio,0,CL,1547938800,44,-36.8,-72.03,300.15,4.6
426,melilla,75,EC,1547938800,70,-0.8,-80.23,302.15,4.1
427,fomboni,32,KM,1547941754,100,-12.28,43.74,302.132,6.12
428,porto velho,40,BR,1547938800,83,-8.75,-63.87,300.15,0.5
429,batticaloa,64,LK,1547941755,100,7.71,81.69,297.257,4.27
430,tapes,92,BR,1547941670,96,-30.67,-51.4,293.282,6.52
431,ada,1,US,1547940960,57,47.3,-96.52,254.85,2.22
432,male,76,UA,1547941756,94,50.74,33.7,266.207,3.17
433,panan,75,PH,1547938800,78,15.26,120.04,298.15,1.0
434,chalus,20,IR,1547938800,80,36.66,51.42,277.15,1.0
435,loyga,68,RU,1547941757,84,61.08,44.61,263.032,5.12
436,villa maria,40,CO,1547938800,55,4.5,-74.09,290.15,5.1
437,wanning,75,AT,1547940000,73,48.64,13.53,269.15,2.6
438,jiuquan,68,CN,1547941758,74,39.73,98.49,258.007,1.17
439,tecoanapa,90,MX,1547938080,74,16.99,-99.26,301.15,2.1
440,anadyr,0,RU,1547940600,76,64.73,177.51,251.15,5.0
441,polyarnyy,0,RU,1547940600,67,69.2,33.45,242.15,1.17
442,kabare,48,RW,1547941759,100,-1.65,29.38,286.307,0.77
443,konosha,80,RU,1547941759,85,60.97,40.26,262.132,4.57
444,bandarbeyla,92,SO,1547941759,100,9.49,50.81,297.482,6.27
445,dedovichi,80,RU,1547941760,88,57.55,29.95,270.207,7.67
446,tshikapa,64,CD,1547941760,98,-6.42,20.79,295.107,0.92
447,guerrero negro,0,MX,1547941760,31,27.97,-114.04,298.382,3.87
448,severodvinsk,75,RU,1547940600,84,64.56,39.82,257.15,4.0
449,karoi,64,ZW,1547941761,89,-16.82,29.68,293.532,1.57
450,penzance,88,GB,1547938200,93,50.12,-5.53,279.15,4.1
451,ipameri,44,BR,1547941667,75,-17.72,-48.16,297.157,1.32
452,lake havasu city,1,US,1547940900,25,34.47,-114.34,293.75,4.1
453,okha,0,RU,1547941762,84,53.59,142.95,254.057,7.82
454,inuvik,90,CA,1547938800,83,68.36,-133.71,253.15,2.92
455,iquitos,40,PE,1547938800,74,-3.75,-73.25,301.15,2.6
456,turukhansk,48,RU,1547941763,83,65.8,87.96,258.382,5.87
457,auch,0,FR,1547938800,93,43.65,0.59,279.15,2.1
458,lata,12,IN,1547941763,74,30.78,78.62,271.632,0.97
459,sangar,68,RU,1547941763,50,63.92,127.47,238.357,4.32
460,santa,0,PH,1547941764,81,17.49,120.43,292.882,1.37
461,tinskoy,44,RU,1547941764,68,56.15,96.92,268.232,3.47
462,vila velha,40,BR,1547938800,94,-3.71,-38.6,299.15,2.6
463,wakkanai,75,JP,1547940600,85,45.41,141.67,261.15,2.1
464,husavik,0,CA,1547941765,50,50.56,-96.99,238.557,3.37
465,porto novo,20,BR,1547938800,78,-23.68,-45.44,298.15,2.6
466,tilichiki,88,RU,1547941766,81,60.47,166.1,267.957,3.12
467,killarney,56,AU,1547941766,65,-28.34,152.3,300.282,2.42
468,baykit,44,RU,1547941766,71,61.68,96.39,261.882,4.37
469,maravatio,75,MX,1547937660,28,19.89,-100.44,296.15,2.1
470,sioux lookout,5,CA,1547938800,75,50.1,-91.92,247.15,2.1
471,waingapu,56,ID,1547941767,100,-9.65,120.26,298.132,1.82
472,aracati,20,BR,1547941528,92,-4.56,-37.77,297.507,2.57
473,wattegama,36,LK,1547941768,98,7.35,80.68,289.407,2.07
474,khanpur,76,PK,1547941768,81,28.65,70.66,285.282,3.87
475,warri,0,NG,1547941695,93,5.52,5.75,297.607,3.12
476,buzmeyin,90,TM,1547938800,82,38.05,58.21,275.15,1.0
477,sao gabriel da cachoeira,68,BR,1547941731,91,-0.13,-67.09,297.707,1.12
478,kupang,40,ID,1547938800,94,-10.16,123.6,299.15,1.0
479,magomeni,40,TZ,1547938800,83,-6.8,39.25,301.15,5.7
480,huarmey,36,PE,1547941770,71,-10.07,-78.15,294.732,1.62
481,ust-kuyga,0,RU,1547941770,0,70.0,135.55,218.957,1.22
482,hirara,75,JP,1547938800,77,24.8,125.28,295.15,2.6
483,touros,40,BR,1547938800,78,-5.2,-35.46,301.15,3.6
484,mildura,92,AU,1547938800,37,-34.18,142.16,295.15,4.6
485,balkhash,80,KZ,1547941771,85,46.84,74.98,263.707,4.97
486,bagotville,90,AU,1547938800,69,-28.98,153.42,302.15,2.1
487,colesberg,0,ZA,1547941772,43,-30.72,25.1,285.232,4.67
488,broome,8,GB,1547940000,92,52.47,1.45,273.15,1.0
489,ixtapa,40,MX,1547937840,78,20.71,-105.21,299.15,5.1
490,langenhagen,0,DE,1547940000,92,52.44,9.74,270.15,2.1
491,chamba,88,IN,1547941773,72,32.56,76.12,277.282,0.92
492,glenwood springs,90,US,1547938560,53,39.55,-107.33,274.85,2.6
493,alcaniz,80,ES,1547941774,91,41.05,-0.13,273.882,1.17
494,monkey bay,56,MW,1547941774,100,-14.08,34.91,298.532,1.82
495,krishnarajasagara,0,IN,1547941774,86,12.41,76.58,284.607,1.67
496,baoding,0,CN,1547941775,51,38.86,115.49,264.757,2.52
497,halmstad,8,SE,1547940000,100,56.67,12.86,274.15,5.7
498,celestun,24,MX,1547941775,95,20.87,-90.4,297.282,8.52
499,sars,76,RU,1547941775,86,56.55,57.14,266.982,2.57
500,prince rupert,90,CA,1547939100,93,54.32,-130.32,279.15,9.8
501,mudgee,40,AU,1547938800,61,-32.6,149.59,300.15,5.1
502,socorro,92,PH,1547941776,100,13.06,121.41,295.907,2.72
503,vestmannaeyjar,68,IS,1547941777,100,63.44,-20.27,275.032,6.07
504,sayyan,0,YE,1547941777,72,15.17,44.32,275.732,0.92
505,northam,88,GB,1547938200,93,51.04,-4.21,279.15,3.1
506,godhra,0,IN,1547940600,72,22.78,73.62,289.15,2.1
507,narsaq,76,GL,1547938200,85,60.91,-46.05,265.15,4.82
508,kitgum,20,UG,1547941778,57,3.3,32.88,293.557,1.07
509,antofagasta,40,CL,1547938800,72,-23.65,-70.4,292.15,5.7
510,trincomalee,80,LK,1547941779,81,8.58,81.23,295.782,2.57
511,cap malheureux,75,MU,1547938800,94,-19.98,57.61,298.15,1.5
512,taonan,0,CN,1547941779,58,45.34,122.78,256.607,5.22
513,san ramon de la nueva oran,64,AR,1547941780,82,-23.13,-64.33,295.557,1.77
514,elbistan,8,TR,1547941780,53,38.2,37.19,257.557,0.92
515,tazovskiy,76,RU,1547941780,83,67.47,78.7,258.457,6.82
516,abaza,56,RU,1547941781,60,52.65,90.1,250.732,1.07
517,clyde river,40,CA,1547938800,74,70.47,-68.59,243.15,1.0
518,moron,20,VE,1547941751,76,10.49,-68.2,295.557,1.62
519,grindavik,75,IS,1547940600,74,63.84,-22.43,274.15,11.3
520,rio grande,44,BR,1547941724,96,-32.03,-52.1,294.157,8.82
521,priyutovo,92,RU,1547941782,91,53.89,53.93,266.307,3.92
522,verkhnevilyuysk,76,RU,1547941782,71,63.45,120.31,246.307,2.42
523,suffolk,90,US,1547940900,80,36.73,-76.58,285.35,4.1
524,zlobin,0,HR,1547938800,59,45.29,14.65,276.15,5.1
525,tivaouane,8,SN,1547940600,72,14.95,-16.81,291.15,6.2
526,mawlaik,80,MM,1547941784,91,23.63,94.42,286.857,0.92
527,chiredzi,92,ZW,1547941784,90,-21.05,31.67,295.457,6.97
528,rodez,0,FR,1547938800,86,44.35,2.57,275.15,2.1
529,pacific grove,1,US,1547940000,52,36.62,-121.92,294.25,3.1
530,dombarovskiy,80,RU,1547941785,88,50.76,59.54,259.757,1.67
531,aba,20,NG,1547938800,83,5.11,7.36,301.15,4.02
532,rassvet,40,MD,1547940600,79,47.2,28.43,271.15,1.5
533,sorland,64,NO,1547941725,100,67.67,12.69,275.057,7.42
534,maniitsoq,80,GL,1547941787,100,65.42,-52.9,265.132,3.57
535,havre-saint-pierre,20,CA,1547938800,56,50.23,-63.6,246.15,4.6
536,port shepstone,80,ZA,1547941787,95,-30.74,30.45,292.957,7.37
537,taklisah,40,TN,1547938800,87,36.78,10.63,283.15,3.1
538,san juan de la maguana,75,DO,1547938800,83,18.81,-71.23,298.15,6.2
539,belousovka,40,KZ,1547940600,84,50.13,82.52,256.15,1.0
540,upata,48,VE,1547941789,56,8.02,-62.41,299.707,4.12
541,flinders,90,AU,1547940600,83,-34.58,150.85,294.15,1.5
542,hualmay,24,PE,1547941789,81,-11.1,-77.61,294.907,2.07
543,kyaikkami,0,MM,1547941790,96,16.08,97.57,294.257,1.22
544,najran,5,SA,1547938800,40,17.54,44.22,285.15,1.0
545,alyangula,40,AU,1547938800,70,-13.85,136.42,304.15,5.7
546,ahuimanu,90,US,1547939700,71,21.44,-157.84,300.95,3.6
547,yichun,44,CN,1547941791,66,47.72,128.88,254.707,2.67
548,mbandaka,20,CD,1547941792,90,0.05,18.26,296.807,1.37
549,makinsk,48,KZ,1547941792,89,52.63,70.42,267.632,5.62
550,koumac,12,NC,1547941792,66,-20.56,164.28,302.157,2.77
551,liverpool,90,GB,1547936400,93,53.41,-2.98,277.15,3.6
552,san pedro,0,AR,1547941794,63,-33.68,-59.66,294.757,4.72
553,clovis,75,US,1547938560,41,36.83,-119.7,292.05,1.37
554,zhangjiakou,0,CN,1547941795,64,40.77,114.88,256.032,2.97
555,sabha,92,LY,1547941795,88,27.03,14.43,285.007,2.97
556,newport,90,GB,1547940000,100,51.59,-3.0,279.15,2.6
557,pacaembu,36,BR,1547941796,92,-21.56,-51.27,298.307,0.92
558,bonnyville,90,CA,1547939820,64,54.27,-110.74,254.15,5.1
559,kandalaksha,48,RU,1547941797,74,67.15,32.41,253.482,0.97
